{
  "n_total": 11,
  "model1_llm_only_n6": {
    "coefs": {
      "intercept": 2.721297335902934,
      "log(diversity)": 0.6519300174437307,
      "log(n_items)": -0.203830993114859
    },
    "ci_lo": {
      "intercept": -20.63185859541647,
      "log(diversity)": -1.0660558590242242,
      "log(n_items)": -2.7573516941343024
    },
    "ci_hi": {
      "intercept": 20.230271493305946,
      "log(diversity)": 2.0763788244931374,
      "log(n_items)": 3.09286580117065
    },
    "R2": 0.7756788130933243
  },
  "model2_cross_era_n11": {
    "coefs": {
      "intercept": -0.17114088779430764,
      "log(diversity)": 0.20719564036906682,
      "log(n_items)": 0.2029009636068195,
      "is_bert (era dummy)": -0.7800937580900291
    },
    "ci_lo": {
      "intercept": -9.338841143673267,
      "log(diversity)": -0.865289222332197,
      "log(n_items)": -1.7739654914081884,
      "is_bert (era dummy)": -3.155035935849965
    },
    "ci_hi": {
      "intercept": 13.607520555523482,
      "log(diversity)": 1.444382072113444,
      "log(n_items)": 1.473953468497034,
      "is_bert (era dummy)": 5.161978165461015
    },
    "R2": 0.2258857518638383
  },
  "model3_bert_only_n5": {
    "coefs": {
      "intercept": -3.677995254403921,
      "log(diversity)": -0.2527087998020229,
      "log(n_items)": 0.5342239952783042
    },
    "R2": 0.3061448150049678
  }
}