{
  "n_benchmarks": 11,
  "full_model": {
    "coefs": {
      "intercept": 0.483096694260294,
      "log_div": -0.37059727643594326,
      "log_n": 0.10295380925213247,
      "era_llm_v2": 2.184823213021332,
      "era_bert": 0.02970787268964183
    },
    "ci_lo": {
      "intercept": -18.919685598242115,
      "log_div": -3.1395264752760577,
      "log_n": -0.9830925071182255,
      "era_llm_v2": -2.9632682086477775,
      "era_bert": -4.840886594917839
    },
    "ci_hi": {
      "intercept": 8.427145683162545,
      "log_div": 2.5553671887515086,
      "log_n": 2.9899947291920674,
      "era_llm_v2": 6.340165557498217,
      "era_bert": 3.493905809908196
    },
    "R2": 0.41930600386922723
  },
  "simple_model": {
    "coefs": {
      "intercept": 1.327393506405447,
      "log_diversity": 0.440102388715322,
      "log_n_items": -0.031204985095401965
    },
    "ci_lo": {
      "intercept": -1.9556872905014446,
      "log_diversity": -1.1321600752704266,
      "log_n_items": -0.44765725295230496
    },
    "ci_hi": {
      "intercept": 4.379717813317891,
      "log_diversity": 1.4886376544149087,
      "log_n_items": 0.40919298877299193
    },
    "R2": 0.07404843561073038
  }
}