{
  "model1_llm_v1_n6": {
    "n": 6,
    "R2": 0.7756788130933243,
    "r_sub": 0.8542642937025517,
    "p_sub": 0.030310711373695842,
    "loo_mae": 1.1032106671524853,
    "coefs": {
      "intercept": 2.721297335902934,
      "log_sub": 0.6519300174437307,
      "log_n": -0.203830993114859
    }
  },
  "model2_llm_all_n11": {
    "n": 10,
    "R2": 0.34118595195228807,
    "r_sub": 0.4104980349487024,
    "p_sub": 0.2386654081668325,
    "rho_sub": 0.3038588464025609,
    "p_rho": 0.3933547444166935,
    "loo_mae": 0.9980698173932527,
    "coefs": {
      "intercept": -1.1282912382106054,
      "log_sub": 0.1877076347978074,
      "log_n": 0.3281837518462797
    }
  },
  "model3_all_n20": {
    "n": 19,
    "R2": 0.11349967178657194,
    "r_sub": 0.03661452367329826,
    "p_sub": 0.8817011021062733,
    "loo_mae": 1.005186513451303
  },
  "model4_bert_n9": {
    "n": 9,
    "R2": 0.21731273222702852,
    "r_sub": -0.3631187742704173,
    "p_sub": 0.3367964625893268
  },
  "oos_v1_to_v2": {
    "log_mae": 1.1262978740053677,
    "factor": 3.0842171776969667
  }
}