{
  "bbh_v2": {
    "point": 39.296099279377906,
    "n_boot": 584,
    "ci_lo": 34.74719093952736,
    "ci_hi": 96.92780213321527,
    "median": 41.09598255151886
  },
  "mmlu_pro_v2": {
    "point": null,
    "n_boot": 157,
    "ci_lo": 86.46228310516489,
    "ci_hi": 193.2351837093237,
    "median": 131.39362161874163
  },
  "gpqa_v2": {
    "point": null,
    "n_boot": 0,
    "ci_lo": null,
    "ci_hi": null
  },
  "ifeval_v2": {
    "point": null,
    "n_boot": 215,
    "ci_lo": 83.82945175704938,
    "ci_hi": 192.16145935507058,
    "median": 125.18206766471198
  },
  "math_lvl5_v2": {
    "point": null,
    "n_boot": 0,
    "ci_lo": null,
    "ci_hi": null
  },
  "musr_v2": {
    "point": null,
    "n_boot": 36,
    "ci_lo": null,
    "ci_hi": null
  },
  "arc_challenge_v1": {
    "point": 2.7441822473364867,
    "n_boot": 993,
    "ci_lo": 1.1969886906796803,
    "ci_hi": 4.877983884312063,
    "median": 2.5619991864771943
  },
  "hellaswag_v1": {
    "point": 2.522662737731887,
    "n_boot": 907,
    "ci_lo": 0.8806230927102099,
    "ci_hi": 6.692317992105074,
    "median": 2.420473208270364
  },
  "truthfulqa_v1": {
    "point": 8.981126717087992,
    "n_boot": 831,
    "ci_lo": 4.557824441336779,
    "ci_hi": 19.21340309957622,
    "median": 8.713594898930912
  },
  "winogrande_v1": {
    "point": 1.0104968707935063,
    "n_boot": 935,
    "ci_lo": 0.6946333816512539,
    "ci_hi": 2.1988745762838193,
    "median": 1.130555634180973
  },
  "gsm8k_v1": {
    "point": 4.61349655496816,
    "n_boot": 976,
    "ci_lo": 2.837149374462577,
    "ci_hi": 7.814401252924256,
    "median": 4.579056339617475
  }
}