{
  "exponential": {
    "params": {
      "D0": 0.04701280719338122,
      "lambda": 0.09029814358895287,
      "D_inf": 5.0932287445314785e-19
    },
    "halflife_months": 7.676206320644064,
    "aic": -188.9009685221739,
    "residual_ss": 0.0011716805976703826
  },
  "stretched_exponential": {
    "params": {
      "D0": 0.039979665222377656,
      "lambda": 0.08010353641896009,
      "beta": 1.960583624552883,
      "D_inf": 4.696615028268116e-21
    },
    "halflife_months": 10.355259477074945,
    "aic": -190.26197411611867,
    "residual_ss": 0.0009904348862481037
  },
  "logistic_decay": {
    "params": {
      "D0": 0.04486394106950976,
      "lambda": 0.24117063771675756,
      "t0": 9.53121470236402,
      "D_inf": 1.4360257011405918e-14
    },
    "halflife_months": 9.53121470236402,
    "aic": -190.43524628821865,
    "residual_ss": 0.000981891209021971
  },
  "best_model": "logistic_decay",
  "best_halflife_months": 9.53121470236402
}