{
  "arc_challenge_v1": {
    "exponential": {
      "params": [
        0.0014608015189864453,
        0.2525878815908258,
        1.5725522404385493e-05
      ],
      "rss": 8.86718558339912e-08,
      "aic": -37.497175549081696,
      "bic": -40.20133868307737,
      "halflife": 2.7441822473605204,
      "k": 3,
      "delta_aic": 42.049036282310034
    },
    "stretched_exp": {
      "params": [
        0.0014218939175696433,
        0.2388021521611143,
        2.4317651728372365,
        2.2190378253864485e-07
      ],
      "rss": 1.751956061876298e-11,
      "aic": -61.08531499549383,
      "bic": -64.69086584082139,
      "halflife": 3.601682171588137,
      "k": 4,
      "delta_aic": 18.4608968358979
    },
    "logistic_decay": {
      "params": [
        0.0014614744256627652,
        1.0647664814136906,
        3.426411503891099,
        4.135072398675492e-05
      ],
      "rss": 3.7242143383687985e-14,
      "aic": -79.54621183139173,
      "bic": -83.15176267671929,
      "halflife": 3.426411503891099,
      "k": 4,
      "delta_aic": 0.0
    }
  },
  "hellaswag_v1": {
    "exponential": {
      "params": [
        0.0003300409832249194,
        0.2747680732764308,
        3.5667281921598316e-06
      ],
      "rss": 2.9675413380820904e-09,
      "aic": -47.68880184458561,
      "bic": -50.39296497858128,
      "halflife": 2.5226627398686294,
      "k": 3,
      "delta_aic": 0.0
    },
    "stretched_exp": {
      "params": [
        0.00031439110629240545,
        0.239095248183877,
        1.016044650797924,
        3.533631201877615e-40
      ],
      "rss": 3.3136556326560435e-09,
      "aic": -45.357847175494356,
      "bic": -48.96339802082192,
      "halflife": 2.9158695229559926,
      "k": 4,
      "delta_aic": 2.3309546690912555
    },
    "logistic_decay": {
      "params": [
        0.0003183808256243718,
        0.7420707359178202,
        3.5937289431645043,
        8.049248027048448e-06
      ],
      "rss": 1.6357929460547336e-09,
      "aic": -47.47562017037616,
      "bic": -51.081171015703724,
      "halflife": 3.5937289431645043,
      "k": 4,
      "delta_aic": 0.21318167420945144
    }
  },
  "truthfulqa_v1": {
    "exponential": {
      "params": [
        0.0019162729246649422,
        0.07717819849977196,
        2.742559928553811e-07
      ],
      "rss": 1.236774556253585e-06,
      "aic": -29.591216861470848,
      "bic": -32.29537999546652,
      "halflife": 8.981126717566402,
      "k": 3,
      "delta_aic": 1.6335562729294821
    },
    "stretched_exp": {
      "params": [
        0.0020299617304198143,
        0.1608656980016443,
        2.9999997745397478,
        3.2767540098871716e-13
      ],
      "rss": 6.083722754502289e-07,
      "aic": -29.719642208400387,
      "bic": -33.32519305372795,
      "halflife": 5.50146518100964,
      "k": 4,
      "delta_aic": 1.5051309259999428
    },
    "logistic_decay": {
      "params": [
        0.001987441443365523,
        1.999984108693292,
        5.685636242430661,
        1.6358255486879356e-06
      ],
      "rss": 3.683658791530267e-07,
      "aic": -31.22477313440033,
      "bic": -34.83032397972789,
      "halflife": 5.685636242430661,
      "k": 4,
      "delta_aic": 0.0
    }
  },
  "winogrande_v1": {
    "exponential": {
      "params": [
        0.0007372153072327545,
        0.6859468842841525,
        0.000154648989917946
      ],
      "rss": 4.2663244511353275e-10,
      "aic": -53.50750043977095,
      "bic": -56.21166357376662,
      "halflife": 1.0104968714644822,
      "k": 3,
      "delta_aic": 2.759478695124983
    },
    "stretched_exp": {
      "params": [
        0.0007278595486676368,
        0.5004919258190352,
        2.0646177534941375,
        0.00016623037563243917
      ],
      "rss": 8.730694036772921e-11,
      "aic": -56.266979134895934,
      "bic": -59.8725299802235,
      "halflife": 1.6730408769565157,
      "k": 4,
      "delta_aic": 0.0
    },
    "logistic_decay": {
      "params": [
        0.0015344228652369536,
        1.0062467114217837,
        0.13219294208980803,
        0.00016664510204452638
      ],
      "rss": 1.031078348744043e-10,
      "aic": -55.7679428712685,
      "bic": -59.373493716596066,
      "halflife": 0.13219294208980803,
      "k": 4,
      "delta_aic": 0.49903626362743125
    }
  },
  "gsm8k_v1": {
    "exponential": {
      "params": [
        0.007901252048554823,
        0.1502433508396062,
        2.750508838357083e-19
      ],
      "rss": 2.219339728953519e-05,
      "aic": -20.92935286491909,
      "bic": -23.63351599891476,
      "halflife": 4.613496548675366,
      "k": 3,
      "delta_aic": 4.968625427395402
    },
    "stretched_exp": {
      "params": [
        0.008177627016119035,
        0.19784124633698552,
        2.9999981606792363,
        3.759902284129856e-08
      ],
      "rss": 7.284200706929651e-06,
      "aic": -22.2716141927318,
      "bic": -25.87716503805936,
      "halflife": 4.473268312833765,
      "k": 4,
      "delta_aic": 3.626364099582691
    },
    "logistic_decay": {
      "params": [
        0.007753200869065367,
        1.9999999999987579,
        4.867424645443416,
        5.787464602270099e-42
      ],
      "rss": 2.174762977596988e-06,
      "aic": -25.89797829231449,
      "bic": -29.50352913764205,
      "halflife": 4.867424645443416,
      "k": 4,
      "delta_aic": 0.0
    }
  },
  "bbh_v2": {
    "exponential": {
      "params": [
        0.003942006436368734,
        0.0176390835981966,
        6.6521748322208955e-21
      ],
      "rss": 9.828492004037228e-05,
      "aic": -80.9234797668818,
      "bic": -80.01572448789966,
      "halflife": 39.296099295703314,
      "k": 3,
      "delta_aic": 1.4908454918359126
    },
    "stretched_exp": {
      "params": [
        0.004214527356104253,
        0.037748652365703544,
        2.9999999999999996,
        0.00044431698674037294
      ],
      "rss": 8.530857403018058e-05,
      "aic": -80.33943618922441,
      "bic": -79.12909581724823,
      "halflife": 23.444467260096943,
      "k": 4,
      "delta_aic": 2.0748890694932953
    },
    "logistic_decay": {
      "params": [
        0.004977538445796357,
        1.99977753949468,
        19.61291834821183,
        0.0011792933787612163
      ],
      "rss": 6.93236459001566e-05,
      "aic": -82.41432525871771,
      "bic": -81.20398488674152,
      "halflife": 19.61291834821183,
      "k": 4,
      "delta_aic": 0.0
    }
  }
}