{
  "mmlu_pro_v2": {
    "name": "MMLU-PRO",
    "forecast_mo": 11.6,
    "observed_halflife_mo": 8.708790777566586,
    "decaying": true,
    "net_var_change_pct": -75.52349028703208,
    "quarters": [
      "2024-04",
      "2024-07",
      "2024-10",
      "2025-01"
    ],
    "top20_variance": [
      0.002901135223758956,
      0.0033352113211720944,
      0.002801974231092174,
      0.0007100966448296944
    ]
  },
  "gpqa_v2": {
    "name": "GPQA",
    "forecast_mo": 10.0,
    "observed_halflife_mo": 0.7297467721469318,
    "decaying": true,
    "net_var_change_pct": -5.911100950343987,
    "quarters": [
      "2024-04",
      "2024-07",
      "2024-10",
      "2025-01"
    ],
    "top20_variance": [
      0.0006510198670163043,
      0.0005041547385569596,
      0.00040301780918972513,
      0.0006125374254701754
    ]
  },
  "math_lvl5_v2": {
    "name": "MATH Lvl5",
    "forecast_mo": 9.0,
    "observed_halflife_mo": 18.69038270311196,
    "decaying": true,
    "net_var_change_pct": -32.999763653746506,
    "quarters": [
      "2024-04",
      "2024-07",
      "2024-10",
      "2025-01"
    ],
    "top20_variance": [
      0.005231910609178622,
      0.01487343326248211,
      0.008049340975538074,
      0.0035053924735743876
    ]
  },
  "ifeval_v2": {
    "name": "IFEval",
    "forecast_mo": 6.5,
    "observed_halflife_mo": 1.60965998480646,
    "decaying": true,
    "net_var_change_pct": -75.16387178081852,
    "quarters": [
      "2024-04",
      "2024-07",
      "2024-10",
      "2025-01"
    ],
    "top20_variance": [
      0.007608622366326029,
      0.0033525752966383567,
      0.001296050069932235,
      0.0018896872066140526
    ]
  },
  "musr_v2": {
    "name": "MUSR",
    "forecast_mo": 6.4,
    "observed_halflife_mo": 5.372635262451466,
    "decaying": true,
    "net_var_change_pct": -16.866527713984652,
    "quarters": [
      "2024-04",
      "2024-07",
      "2024-10",
      "2025-01"
    ],
    "top20_variance": [
      0.0005904519259707103,
      0.0004446478631895263,
      0.0004030627470386453,
      0.0004908631882391043
    ]
  },
  "bbh_v2": {
    "name": "BBH",
    "forecast_mo": 19.6,
    "observed_halflife_mo": 5.654709464899048,
    "decaying": true,
    "net_var_change_pct": -66.92746573055481,
    "quarters": [
      "2024-04",
      "2024-07",
      "2024-10",
      "2025-01"
    ],
    "top20_variance": [
      0.0023017798246905683,
      0.002130356042821565,
      0.0012148293648707518,
      0.0007612569213279636
    ]
  }
}