{
  "v1": {
    "arc_challenge": {
      "predicted": 0.0005708917760907274,
      "actual": 0.0001236650195344926,
      "rel_error": 3.6164370348196515,
      "train_n": 2
    },
    "hellaswag": {
      "predicted": 0.00010939514233534045,
      "actual": 2.502036897033501e-05,
      "rel_error": 3.37224336959391,
      "train_n": 2
    },
    "truthfulqa": {
      "predicted": 0.0019857688868137567,
      "actual": 0.0006412760050518051,
      "rel_error": 2.0965900348218045,
      "train_n": 2
    },
    "winogrande": {
      "predicted": 6.281175171125561e-05,
      "actual": 0.00017057988787877172,
      "rel_error": 0.6317751612318161,
      "train_n": 2
    },
    "gsm8k": {
      "predicted": 0.007684753344559304,
      "actual": 0.00035949539829614686,
      "rel_error": 20.376499896748943,
      "train_n": 2
    }
  },
  "bbh": {
    "split_quarter": "2024Q3",
    "n_train": 7,
    "n_test": 3,
    "train_slope": -4.6328905663065485e-05,
    "train_decaying": true,
    "predicted": [
      0.002893055838915621,
      0.0028243311249009544,
      0.0027572391284275905
    ],
    "actual": [
      0.002819171134626987,
      0.0010570226243142103,
      0.0007028507516639343
    ],
    "mape": 1.5403710981305705,
    "mean_abs_error": 0.001298527193879678
  },
  "mmlu_pro": {
    "split_quarter": "2024Q3",
    "n_train": 7,
    "n_test": 3,
    "train_slope": 8.68567028084447e-05,
    "train_decaying": false,
    "predicted": [
      0.0035947074584017098,
      0.003594707456660845,
      0.0035947074549203457
    ],
    "actual": [
      0.0040414394088804885,
      0.002686789190000749,
      0.0004300858679134644
    ],
    "mape": 2.6021909944467025,
    "mean_abs_error": 0.001506423934715252
  },
  "gpqa": {
    "split_quarter": "2024Q3",
    "n_train": 7,
    "n_test": 3,
    "train_slope": 1.9067651558491756e-05,
    "train_decaying": false,
    "predicted": [
      0.00039052869097349035,
      0.00039052656338600027,
      0.0003905244602617824
    ],
    "actual": [
      0.0004943060083163734,
      0.0004106947038329358,
      0.0005863022818320381
    ],
    "mape": 0.19765748873422329,
    "mean_abs_error": 0.0001065744264533581
  },
  "ifeval": {
    "split_quarter": "2024Q3",
    "n_train": 7,
    "n_test": 3,
    "train_slope": 0.00016099200823226377,
    "train_decaying": false,
    "predicted": [
      0.004067414815452782,
      0.004067414815393953,
      0.004067414815335127
    ],
    "actual": [
      0.0025665133666085593,
      0.001195932589058164,
      0.0019174729415689265
    ],
    "mape": 1.3690263560380231,
    "mean_abs_error": 0.002174108516315404
  },
  "math_lvl5": {
    "split_quarter": "2024Q3",
    "n_train": 7,
    "n_test": 3,
    "train_slope": 0.0001462222676736093,
    "train_decaying": false,
    "predicted": [
      0.003277236059074242,
      0.003277236057642652,
      0.003277236056211213
    ],
    "actual": [
      0.017174032751316907,
      0.006637143064137786,
      0.0032015469940935275
    ],
    "mape": 0.44634807705555785,
    "mean_abs_error": 0.005777464253618495
  },
  "musr": {
    "split_quarter": "2024Q3",
    "n_train": 7,
    "n_test": 3,
    "train_slope": 1.5424685480226777e-05,
    "train_decaying": false,
    "predicted": [
      0.0002772287985513787,
      0.0002772259062712618,
      0.0002772230544143142
    ],
    "actual": [
      0.0004684781802911562,
      0.00040319666638436477,
      0.0005367274235319429
    ],
    "mape": 0.40138641660380775,
    "mean_abs_error": 0.0001922415036568364
  }
}