{
  "bbh_v2": {
    "0.05": null,
    "0.1": {
      "point": 8.214743691437162,
      "ci_lo": 3.8050616689439996,
      "ci_hi": 147.06456961257683
    },
    "0.15": null,
    "0.2": {
      "point": 39.296099279377906,
      "ci_lo": 34.76029477169598,
      "ci_hi": 93.63914517040213
    },
    "0.25": {
      "point": 70.03978709086694,
      "ci_lo": 47.10555929446353,
      "ci_hi": 152.89154896380967
    },
    "0.3": {
      "point": 158.00294267950264,
      "ci_lo": 64.13802986003017,
      "ci_hi": 196.43076037449987
    },
    "0.4": null,
    "0.5": null
  },
  "mmlu_pro_v2": {
    "0.05": null,
    "0.1": {
      "point": 8.908740518635575,
      "ci_lo": 4.529748122870743,
      "ci_hi": 143.66018519140692
    },
    "0.15": null,
    "0.2": null,
    "0.25": null,
    "0.3": null,
    "0.4": null,
    "0.5": null
  },
  "gpqa_v2": {
    "0.05": null,
    "0.1": {
      "point": 16.96644405961881,
      "ci_lo": 11.197848594143515,
      "ci_hi": 63.40708604804775
    },
    "0.15": null,
    "0.2": null,
    "0.25": null,
    "0.3": null,
    "0.4": null,
    "0.5": null
  },
  "ifeval_v2": {
    "0.05": {
      "point": 23.457675366398195,
      "ci_lo": 6.216565696302142,
      "ci_hi": 44.30060811873152
    },
    "0.1": {
      "point": 6.584810105712605,
      "ci_lo": 4.814585878138127,
      "ci_hi": 84.2779570533444
    },
    "0.15": {
      "point": 60.14726255398061,
      "ci_lo": 45.38411058374537,
      "ci_hi": 150.17006828424877
    },
    "0.2": null,
    "0.25": null,
    "0.3": null,
    "0.4": null,
    "0.5": null
  },
  "math_lvl5_v2": {
    "0.05": null,
    "0.1": {
      "point": 12.591136056360519,
      "ci_lo": 9.594992193954644,
      "ci_hi": 176.30996020163315
    },
    "0.15": null,
    "0.2": null,
    "0.25": null,
    "0.3": null,
    "0.4": null,
    "0.5": null
  },
  "musr_v2": {
    "0.05": null,
    "0.1": null,
    "0.15": null,
    "0.2": null,
    "0.25": null,
    "0.3": null,
    "0.4": null,
    "0.5": null
  },
  "arc_challenge_v1": {
    "0.05": {
      "point": 27.35184406106261,
      "ci_lo": 2.032994033575771,
      "ci_hi": 113.08072574233955
    },
    "0.1": {
      "point": 5.078055673959365,
      "ci_lo": 1.2096184643874832,
      "ci_hi": 11.244588585144468
    },
    "0.15": {
      "point": 3.1659319108413073,
      "ci_lo": 1.249751277913535,
      "ci_hi": 6.415931225902712
    },
    "0.2": {
      "point": 2.7441822473364867,
      "ci_lo": 1.2705317965134129,
      "ci_hi": 4.794214115320508
    },
    "0.25": {
      "point": 2.7432510481702277,
      "ci_lo": 1.5032512789817354,
      "ci_hi": 4.535541469726254
    },
    "0.3": {
      "point": 2.9684486941811166,
      "ci_lo": 1.6122425379492265,
      "ci_hi": 4.511339427479124
    },
    "0.4": {
      "point": 3.323353612431906,
      "ci_lo": 1.391527508848629,
      "ci_hi": 4.613224196261462
    },
    "0.5": {
      "point": 3.4155727583225013,
      "ci_lo": 0.7156693193348382,
      "ci_hi": 4.4826496812580645
    }
  },
  "hellaswag_v1": {
    "0.05": {
      "point": 17.322045444550962,
      "ci_lo": 7.529265250473437,
      "ci_hi": 33.76253679374399
    },
    "0.1": {
      "point": 13.862943611198904,
      "ci_lo": 3.4501547174778637,
      "ci_hi": 15.314641783657347
    },
    "0.15": {
      "point": 3.4029490726921563,
      "ci_lo": 1.987553379936702,
      "ci_hi": 4.432647357606216
    },
    "0.2": {
      "point": 2.522662737731887,
      "ci_lo": 0.8886506633963877,
      "ci_hi": 3.880144902383276
    },
    "0.25": {
      "point": 2.567530058635952,
      "ci_lo": 0.8717606262324861,
      "ci_hi": 3.749798586234322
    },
    "0.3": {
      "point": 2.7954563109022788,
      "ci_lo": 1.3540048864941499,
      "ci_hi": 8.205198558210935
    },
    "0.4": {
      "point": 0.9801943526582738,
      "ci_lo": 0.7370248037469569,
      "ci_hi": 4.274893370531092
    },
    "0.5": {
      "point": 1.0348690788947166,
      "ci_lo": 0.7685285129711417,
      "ci_hi": 3.157080075557664
    }
  },
  "truthfulqa_v1": {
    "0.05": {
      "point": 16.238447861524282,
      "ci_lo": 0.6936266551078227,
      "ci_hi": 54.39967076883862
    },
    "0.1": {
      "point": 6.62129855955843,
      "ci_lo": 3.573437939672732,
      "ci_hi": 12.605493256205971
    },
    "0.15": {
      "point": 7.315628715918162,
      "ci_lo": 4.16506362614953,
      "ci_hi": 11.616975700976175
    },
    "0.2": {
      "point": 8.981126717087992,
      "ci_lo": 4.52903491621403,
      "ci_hi": 16.654237221905834
    },
    "0.25": {
      "point": 12.207185743293026,
      "ci_lo": 5.073557385846538,
      "ci_hi": 23.95769798660954
    },
    "0.3": {
      "point": 19.719874178852926,
      "ci_lo": 5.704524722429516,
      "ci_hi": 46.74032147815077
    },
    "0.4": null,
    "0.5": null
  },
  "winogrande_v1": {
    "0.05": null,
    "0.1": {
      "point": 1.3865495872458327,
      "ci_lo": 0.9069053404998598,
      "ci_hi": 9.192431660703567
    },
    "0.15": {
      "point": 1.0828056243003414,
      "ci_lo": 0.9410860500026629,
      "ci_hi": 1.8983879426322108
    },
    "0.2": {
      "point": 1.0104968707935063,
      "ci_lo": 0.6946747238746857,
      "ci_hi": 2.111739918262507
    },
    "0.25": {
      "point": 1.9911919202827253,
      "ci_lo": 0.7157143311666391,
      "ci_hi": 2.738286675714233
    },
    "0.3": {
      "point": 2.394786281244193,
      "ci_lo": 0.7269870042972493,
      "ci_hi": 3.4496876390403646
    },
    "0.4": {
      "point": 0.7365537145647197,
      "ci_lo": 0.7154350955959425,
      "ci_hi": 12.409365690622641
    },
    "0.5": {
      "point": 0.7952860544025403,
      "ci_lo": 0.7312023553893722,
      "ci_hi": 22.030911551797832
    }
  },
  "gsm8k_v1": {
    "0.05": {
      "point": 1.8717313171082728,
      "ci_lo": 0.6943382833382715,
      "ci_hi": 24.54799400378638
    },
    "0.1": {
      "point": 1.65478539896874,
      "ci_lo": 1.1868847838885073,
      "ci_hi": 2.828548428675036
    },
    "0.15": {
      "point": 2.4330121682608326,
      "ci_lo": 1.8659836494254793,
      "ci_hi": 3.3713027712376054
    },
    "0.2": {
      "point": 4.61349655496816,
      "ci_lo": 2.973852083209665,
      "ci_hi": 7.459797986822237
    },
    "0.25": {
      "point": 8.217079260968347,
      "ci_lo": 4.697928764843806,
      "ci_hi": 16.593257521959618
    },
    "0.3": {
      "point": 13.194072642831086,
      "ci_lo": 5.762390417886111,
      "ci_hi": 21.664812520059694
    },
    "0.4": {
      "point": 11.341546789517672,
      "ci_lo": 7.130220215087533,
      "ci_hi": 41.28962523842126
    },
    "0.5": {
      "point": 13.092500338644061,
      "ci_lo": 8.331285844423391,
      "ci_hi": 40.690293073983234
    }
  }
}