{
  "mmlu": {
    "name": "mmlu",
    "n_items": 228,
    "pearson_acc": 0.877819938383284,
    "spearman_acc": 0.8330987065891879,
    "pearson_difficulty": 0.8453033010535087,
    "mean_shift": 0.016447368421052655,
    "frac_exact_match": 0.7763157894736842,
    "frac_within_25pct": 0.7763157894736842,
    "orig_acc": [
      1.0,
      0.75,
      1.0,
      1.0,
      1.0,
      1.0,
      0.5,
      0.75,
      0.25,
      0.5,
      1.0,
      0.5,
      1.0,
      1.0,
      0.25,
      1.0,
      1.0,
      1.0,
      1.0,
      1.0,
      0.75,
      1.0,
      1.0,
      1.0,
      0.25,
      1.0,
      0.25,
      1.0,
      0.25,
      0.25,
      0.75,
      1.0,
      0.75,
      0.75,
      0.0,
      1.0,
      1.0,
      1.0,
      1.0,
      0.75,
      1.0,
      0.25,
      0.75,
      1.0,
      0.75,
      1.0,
      1.0,
      0.25,
      1.0,
      0.25,
      0.75,
      1.0,
      1.0,
      1.0,
      1.0,
      0.75,
      0.75,
      0.5,
      0.75,
      1.0,
      0.5,
      0.75,
      0.5,
      0.75,
      1.0,
      0.5,
      0.75,
      1.0,
      1.0,
      1.0,
      0.75,
      1.0,
      0.25,
      0.75,
      0.75,
      1.0,
      1.0,
      0.75,
      0.5,
      0.5,
      1.0,
      1.0,
      1.0,
      1.0,
      1.0,
      1.0,
      1.0,
      1.0,
      1.0,
      0.0,
      0.75,
      1.0,
      0.75,
      1.0,
      1.0,
      0.5,
      0.75,
      0.75,
      0.75,
      0.5,
      0.75,
      0.75,
      0.25,
      0.0,
      0.5,
      1.0,
      1.0,
      1.0,
      1.0,
      0.75,
      1.0,
      0.75,
      1.0,
      0.75,
      1.0,
      0.25,
      1.0,
      1.0,
      0.5,
      1.0,
      1.0,
      1.0,
      0.5,
      1.0,
      1.0,
      1.0,
      1.0,
      1.0,
      1.0,
      0.75,
      1.0,
      0.75,
      1.0,
      0.0,
      1.0,
      1.0,
      1.0,
      1.0,
      0.75,
      0.75,
      1.0,
      1.0,
      1.0,
      0.5,
      0.75,
      0.0,
      1.0,
      1.0,
      0.75,
      0.75,
      1.0,
      1.0,
      0.75,
      1.0,
      1.0,
      1.0,
      1.0,
      0.75,
      0.75,
      1.0,
      0.75,
      1.0,
      1.0,
      1.0,
      0.75,
      1.0,
      1.0,
      1.0,
      0.75,
      1.0,
      1.0,
      1.0,
      0.75,
      1.0,
      1.0,
      1.0,
      0.75,
      0.25,
      0.0,
      1.0,
      1.0,
      0.0,
      0.75,
      0.75,
      1.0,
      1.0,
      1.0,
      0.75,
      1.0,
      0.75,
      1.0,
      0.75,
      1.0,
      1.0,
      1.0,
      1.0,
      1.0,
      1.0,
      1.0,
      1.0,
      1.0,
      1.0,
      1.0,
      1.0,
      0.25,
      1.0,
      1.0,
      0.0,
      1.0,
      1.0,
      1.0,
      0.0,
      1.0,
      0.75,
      1.0,
      1.0,
      1.0,
      0.75,
      1.0,
      1.0,
      0.0,
      1.0,
      0.5,
      1.0,
      0.0,
      1.0,
      0.75,
      1.0
    ],
    "pert_acc": [
      1.0,
      0.75,
      1.0,
      1.0,
      1.0,
      1.0,
      0.75,
      0.75,
      0.5,
      0.25,
      1.0,
      0.5,
      1.0,
      1.0,
      0.25,
      1.0,
      1.0,
      1.0,
      0.75,
      1.0,
      0.75,
      1.0,
      1.0,
      1.0,
      0.0,
      1.0,
      0.5,
      1.0,
      0.25,
      0.25,
      0.5,
      1.0,
      1.0,
      0.5,
      0.0,
      0.5,
      1.0,
      1.0,
      1.0,
      0.75,
      1.0,
      0.25,
      1.0,
      1.0,
      0.75,
      1.0,
      0.75,
      0.25,
      1.0,
      0.5,
      0.75,
      1.0,
      0.75,
      1.0,
      1.0,
      0.75,
      0.75,
      0.25,
      0.75,
      1.0,
      0.0,
      0.5,
      0.5,
      0.75,
      1.0,
      0.25,
      0.5,
      1.0,
      1.0,
      1.0,
      1.0,
      1.0,
      0.25,
      0.75,
      0.5,
      1.0,
      1.0,
      1.0,
      0.75,
      0.5,
      1.0,
      1.0,
      1.0,
      1.0,
      0.5,
      1.0,
      1.0,
      1.0,
      1.0,
      0.0,
      1.0,
      1.0,
      0.75,
      1.0,
      1.0,
      0.5,
      0.75,
      0.75,
      1.0,
      1.0,
      0.75,
      0.75,
      0.75,
      0.0,
      0.25,
      1.0,
      1.0,
      1.0,
      1.0,
      0.75,
      1.0,
      1.0,
      1.0,
      0.75,
      0.75,
      0.25,
      1.0,
      1.0,
      0.5,
      0.75,
      1.0,
      1.0,
      0.5,
      0.75,
      0.5,
      0.75,
      1.0,
      1.0,
      1.0,
      0.75,
      1.0,
      0.75,
      1.0,
      0.0,
      1.0,
      1.0,
      1.0,
      1.0,
      0.75,
      0.75,
      1.0,
      1.0,
      1.0,
      0.75,
      0.75,
      0.0,
      1.0,
      1.0,
      1.0,
      0.25,
      1.0,
      1.0,
      0.75,
      1.0,
      1.0,
      1.0,
      1.0,
      0.5,
      0.25,
      0.75,
      0.75,
      1.0,
      1.0,
      0.75,
      0.75,
      0.75,
      1.0,
      1.0,
      1.0,
      0.75,
      0.75,
      1.0,
      0.75,
      1.0,
      1.0,
      1.0,
      0.75,
      0.5,
      0.0,
      1.0,
      1.0,
      0.0,
      0.75,
      0.75,
      1.0,
      1.0,
      1.0,
      0.75,
      1.0,
      0.75,
      1.0,
      0.75,
      1.0,
      1.0,
      1.0,
      1.0,
      1.0,
      1.0,
      1.0,
      1.0,
      1.0,
      1.0,
      1.0,
      1.0,
      0.0,
      1.0,
      1.0,
      0.25,
      1.0,
      1.0,
      1.0,
      0.0,
      1.0,
      0.75,
      1.0,
      1.0,
      1.0,
      0.75,
      1.0,
      1.0,
      0.25,
      1.0,
      0.25,
      1.0,
      0.0,
      1.0,
      0.75,
      1.0
    ]
  },
  "arc": {
    "name": "arc",
    "n_items": 200,
    "pearson_acc": 0.8896652508809711,
    "spearman_acc": 0.7356327769991717,
    "pearson_difficulty": 0.7853785035935621,
    "mean_shift": 0.007500000000000062,
    "frac_exact_match": 0.89,
    "frac_within_25pct": 0.89,