{
  "WinoGrande": {
    "benchmark": "WinoGrande",
    "halflife_main": 1.0104968707935063,
    "label_main": "exhausted",
    "loqo_median": 1.060702998399475,
    "loqo_range_lo": 0.6138521660465922,
    "loqo_range_hi": 1.4296783875697598,
    "loqo_n_succeeded": 4,
    "loqo_n_total": 4,
    "topk_sweep": {
      "k=10%": 1.3865495872458327,
      "k=15%": 1.0828056243003414,
      "k=20%": 1.0104968707935063,
      "k=25%": 1.9911919202827253,
      "k=30%": 2.394786281244193
    },
    "topk_sweep_ratio": 2.369909645898908,
    "mk_S": -3,
    "mk_tau": -1.0,
    "mk_p": 0.2962698714842864,
    "label_stability_frac": 1.0
  },
  "HellaSwag": {
    "benchmark": "HellaSwag",
    "halflife_main": 2.522662737731887,
    "label_main": "exhausted",
    "loqo_median": 0.9161466292823184,
    "loqo_range_lo": 0.5041139441343239,
    "loqo_range_hi": 2.522662737731887,
    "loqo_n_succeeded": 4,
    "loqo_n_total": 4,
    "topk_sweep": {
      "k=10%": 13.862943611198904,
      "k=15%": 3.4029490726921563,
      "k=20%": 2.522662737731887,
      "k=25%": 2.567530058635952,
      "k=30%": 2.7954563109022788
    },
    "topk_sweep_ratio": 5.49536147018329,
    "mk_S": -3,
    "mk_tau": -1.0,
    "mk_p": 0.2962698714842864,
    "label_stability_frac": 1.0
  },
  "ARC-Challenge": {
    "benchmark": "ARC-Challenge",
    "halflife_main": 2.7441822473364867,
    "label_main": "exhausted",
    "loqo_median": 0.9953238382447065,
    "loqo_range_lo": 0.503833096539214,
    "loqo_range_hi": 2.7441822473364867,
    "loqo_n_succeeded": 4,
    "loqo_n_total": 4,
    "topk_sweep": {
      "k=10%": 5.078055673959365,
      "k=15%": 3.1659319108413073,
      "k=20%": 2.7441822473364867,
      "k=25%": 2.7432510481702277,
      "k=30%": 2.9684486941811166
    },
    "topk_sweep_ratio": 1.8511086243260426,
    "mk_S": -3,
    "mk_tau": -1.0,
    "mk_p": 0.2962698714842864,
    "label_stability_frac": 1.0
  },
  "GSM8K": {
    "benchmark": "GSM8K",
    "halflife_main": 4.61349655496816,
    "label_main": "decaying",
    "loqo_median": 0.8076571361490875,
    "loqo_range_lo": 0.3850840660795962,
    "loqo_range_hi": 4.61349655496816,
    "loqo_n_succeeded": 3,
    "loqo_n_total": 4,
    "topk_sweep": {
      "k=10%": 1.65478539896874,
      "k=15%": 2.4330121682608326,
      "k=20%": 4.61349655496816,
      "k=25%": 8.217079260968347,
      "k=30%": 13.194072642831086
    },
    "topk_sweep_ratio": 7.973283213070175,
    "mk_S": -1,
    "mk_tau": -0.3333333333333333,
    "mk_p": 1.0,
    "label_stability_frac": 0.25
  },
  "TruthfulQA": {
    "benchmark": "TruthfulQA",
    "halflife_main": 8.981126717087992,
    "label_main": "decaying",
    "loqo_median": 1.5340549906238856,
    "loqo_range_lo": 0.6248181712378453,
    "loqo_range_hi": 8.981126717087992,
    "loqo_n_succeeded": 3,
    "loqo_n_total": 4,
    "topk_sweep": {
      "k=10%": 6.62129855955843,
      "k=15%": 7.315628715918162,
      "k=20%": 8.981126717087992,
      "k=25%": 12.207185743293026,
      "k=30%": 19.719874178852926
    },
    "topk_sweep_ratio": 2.9782487530917243,
    "mk_S": -1,
    "mk_tau": -0.3333333333333333,
    "mk_p": 1.0,
    "label_stability_frac": 0.25
  },
  "BBH": {
    "benchmark": "BBH",
    "halflife_main": 6.332772280814393,
    "label_main": "decaying",
    "loqo_median": 5.618300384765201,
    "loqo_range_lo": 3.051561621586471,
    "loqo_range_hi": 6.456572722261508,
    "loqo_n_succeeded": 4,
    "loqo_n_total": 4,
    "topk_sweep": {
      "k=10%": 10.306002453284405,
      "k=15%": 6.145721511309337,
      "k=20%": 6.332772280814393,
      "k=25%": 8.897196131032834,
      "k=30%": 24.04065640798864
    },
    "topk_sweep_ratio": 3.9117711994839173,
    "mk_S": -6,
    "mk_tau": -1.0,
    "mk_p": 0.08942935902899363,
    "label_stability_frac": 1.0
  },
  "MMLU-PRO": {
    "benchmark": "MMLU-PRO",
    "halflife_main": 8.738388696521724,
    "label_main": "decaying",
    "loqo_median": 7.337029874110322,
    "loqo_range_lo": 4.113945807339127,
    "loqo_range_hi": 79.68777245512427,
    "loqo_n_succeeded": 4,
    "loqo_n_total": 4,
    "topk_sweep": {
      "k=10%": 8.286736933048097,
      "k=15%": 7.042314699349047,
      "k=20%": 8.738388696521724,
      "k=25%": 13.581420944289091,
      "k=30%": 22.224857937640984
    },
    "topk_sweep_ratio": 3.1559024108501323,
    "mk_S": -4,
    "mk_tau": -0.6666666666666666,
    "mk_p": 0.3081795474670539,
    "label_stability_frac": 0.75
  },
  "MATH": {
    "benchmark": "MATH",
    "halflife_main": 18.688741795858892,
    "label_main": "slow",
    "loqo_median": 16.871310268997068,
    "loqo_range_lo": 3.0876430051543737,
    "loqo_range_hi": 46.92562286726801,
    "loqo_n_succeeded": 3,
    "loqo_n_total": 4,
    "topk_sweep": {
      "k=10%": 11.906511967354687,
      "k=15%": 12.800393997502255,
      "k=20%": 18.688741795858892,
      "k=25%": 39.96259003637728,
      "k=30%": null
    },
    "topk_sweep_ratio": 3.3563641598771192,
    "mk_S": -2,
    "mk_tau": -0.3333333333333333,
    "mk_p": 0.7340951823194757,
    "label_stability_frac": 0.25
  },
  "IFEval": {
    "benchmark": "IFEval",
    "halflife_main": 1.6093410198356268,
    "label_main": "exhausted",
    "loqo_median": 1.1383956842565701,
    "loqo_range_lo": 0.6935002398599455,
    "loqo_range_hi": 2.3294292989076677,
    "loqo_n_succeeded": 4,
    "loqo_n_total": 4,
    "topk_sweep": {
      "k=10%": 0.9524834644612205,
      "k=15%": 1.212751212852947,
      "k=20%": 1.6093410198356268,
      "k=25%": 2.5687104678841215,
      "k=30%": 3.9815545856409793
    },
    "topk_sweep_ratio": 4.180182369772871,
    "mk_S": -4,
    "mk_tau": -0.6666666666666666,
    "mk_p": 0.3081795474670539,
    "label_stability_frac": 1.0
  },
  "MUSR": {
    "benchmark": "MUSR",
    "halflife_main": 16.651899072894082,
    "label_main": "slow",
    "loqo_median": 16.44524123365086,
    "loqo_range_lo": 7.847065977839597,
    "loqo_range_hi": 21.511294902174157,
    "loqo_n_succeeded": 3,
    "loqo_n_total": 4,
    "topk_sweep": {
      "k=10%": null,
      "k=15%": 19.417793895363822,
      "k=20%": 16.651899072894082,
      "k=25%": 25.892910780776507,
      "k=30%": 23.886245647950886
    },
    "topk_sweep_ratio": 1.5549524211880985,
    "mk_S": -2,
    "mk_tau": -0.3333333333333333,
    "mk_p": 0.7340951823194757,
    "label_stability_frac": 0.5
  },
  "GPQA": {
    "benchmark": "GPQA",
    "halflife_main": 21.91571246087873,
    "label_main": "slow",
    "loqo_median": 19.514080831238548,
    "loqo_range_lo": 6.878085419115868,
    "loqo_range_hi": 36.278491910319374,
    "loqo_n_succeeded": 3,
    "loqo_n_total": 4,
    "topk_sweep": {
      "k=10%": 12.090647668664278,
      "k=15%": 11.19456806534821,
      "k=20%": 21.91571246087873,
      "k=25%": null,
      "k=30%": null
    },
    "topk_sweep_ratio": 1.9577095188439533,
    "mk_S": -2,
    "mk_tau": -0.3333333333333333,
    "mk_p": 0.7340951823194757,
    "label_stability_frac": 0.25
  }
}