{
  "n_verified": 125,
  "match_rates": {
    "n_question_numbers": 0.952,
    "max_question_digits": 0.92,
    "sum_question_digits": 0.76,
    "n_ops": 0.976,
    "carry_count": 0.632,
    "final_digits": 0.808
  },
  "all_features_match_n": 46,
  "all_features_match_frac": 0.368,
  "strict_idx": [
    0,
    1,
    2,
    4,
    5,
    8,
    12,
    16,
    21,
    31,
    32,
    35,
    44,
    47,
    50,
    57,
    59,
    60,
    63,
    70,
    81,
    84,
    89,
    101,
    102,
    104,
    105,
    106,
    111,
    115,
    126,
    139,
    141,
    147,
    148,
    151,
    162,
    165,
    170,
    172,
    174,
    179,
    181,
    186,
    190,
    195
  ],
  "strict_subset_gap_mean": 0.07142857142857142,
  "strict_subset_gap_ci": [
    0.012422360248447204,
    0.14596273291925466
  ]
}